date,in_out,tn,tp,na,k,mg,ca,cl,so4,tn_flag,tp_flag,na_flag,k_flag,mg_flag,ca_flag,cl_flag,so4_flag
2013-06-06,I1,0.95,0.08,2.82,1.5,9.47,65.43,3.31,7.91,,,,,,,,
2013-06-06,I2,1.75,0.09,3.72,1.52,11.3,96.89,5.7,25.3,,,,,,,,
2013-06-06,I3,4.31,0.1,5.09,5.99,14.25,115.54,18.35,33.29,,,,,,,,
2013-06-06,O1,1.13,0.12,4.47,2.61,10.68,52.13,6.67,15.69,,,,,,,,
2013-06-29,I1,1.53,0.1,4.78,6.26,13.55,106.72,14.44,25.22,,,,,,,,
2013-06-29,I2,1.11,0.06,4.54,2.59,11.12,50.1,6.91,25.22,,,,,,,,
2013-06-29,I3,3.83,0.12,2.78,1.5,9.61,63.84,3.34,6.88,,,,,,,,
2013-06-29,O1,1.57,0.17,3.68,1.55,11.51,98.55,5.01,21.87,,,,,,,,
2013-07-24,I1,0.52,0.05,6.59,6.34,15.97,123.25,20.29,33.75,,,,,,,,
2013-07-24,I2,1.09,0.09,4.88,2.56,12.55,53.02,9.95,21.36,,,,,,,,
2013-07-24,I3,3.12,0.38,3.54,1.87,10.99,61.76,6.95,13.93,,,,,,,,
2013-07-24,O1,0.63,0.03,3.9,1.29,13.25,107.1,7.42,29.83,,,,,,,,
2013-08-27,I1,1.15,0.1,3.53,1.86,8.74,58.91,6.5,11.55,,,,,,,,
2013-08-27,I2,2.13,0.17,4,1.56,11.05,104.06,8.41,32.47,,,,,,,,
2013-08-27,I3,4.66,0.13,8.17,6.21,15.54,117.38,27.47,45.17,,,,,,,,
2013-08-27,O1,1.39,0.18,4.61,2.54,10.37,49.35,9.84,20.3,,,,,,,,
2013-09-27,I1,0.96,0.35,4.02,2.37,8.44,63.42,7.46,15.26,,,,,,,,
2013-09-27,I2,1.69,0.09,3.85,1.37,10.18,104.64,6.42,27.38,,,,,,,,
2013-09-27,I3,11.67,0.31,5.23,5.43,14.15,124.64,22.49,44.71,,,,,,,,
2013-09-27,O1,2.6,0.04,4.24,2.45,9.43,64.5,8.34,16.04,,,,,,,,
2013-10-13,I1,1.16,0.22,5.23,5.43,14.15,69.28,22.49,44.71,,,,,,,,
2013-10-13,I2,2.86,0.2,4.24,2.45,9.43,109.22,8.34,16.04,,,,,,,,
2013-10-13,I3,6.95,0.09,4.64,1.74,15.51,134.81,5.38,19.49,,,,,,,,
2013-10-13,O1,1.13,0.05,4.79,2.01,15.79,67.44,5.91,9.88,,,,,,,,
2013-11-18,I1,1.09,0.08,2.15,1.89,7.06,59.7,5.07,7.05,,,,,,,,
2013-11-18,I2,2.37,0.04,2.47,1.02,7.92,83.98,5.64,16.02,,,,,,,,
2013-11-18,I3,7.1,0.06,3.13,4.74,10.57,103.15,22.75,28.23,,,,,,,,
2013-11-18,O1,1.65,0.03,2.96,2.03,7.31,54.31,7.23,10.28,,,,,,,,
2013-12-19,I1,2.91,0.24,2.99,2.18,11.44,70.21,3.88,8.51,,,,,,,,
2013-12-19,I2,3.11,0.06,3.37,1.5,12.57,97.77,4.59,17.34,,,,,,,,
2013-12-19,I3,11.41,0.09,4.68,5.25,16.73,121.15,18.97,36.97,,,,,,,,
2013-12-19,O1,2.44,0.11,4.18,2.37,12.59,75.17,5.34,10.2,,,,,,,,
2014-02-09,I1,,,,,,,,,ND,ND,ND,ND,ND,ND,ND,ND
2014-02-09,I2,,,,,,,,,ND,ND,ND,ND,ND,ND,ND,ND
2014-02-09,I3,27.2,0.09,5.34,5.02,13.84,123.29,16.5,31.95,,,,,,,,
2014-02-09,O1,,,,,,,,,ND,ND,ND,ND,ND,ND,ND,ND
2014-03-06,I1,,,,,,,,,ND,ND,ND,ND,ND,ND,ND,ND
2014-03-06,I2,,,,,,,,,ND,ND,ND,ND,ND,ND,ND,ND
2014-03-06,I3,9,0.1,4.99,4.57,10.85,115.43,17.9,35.05,,,,,,,,
2014-03-06,O1,,,,,,,,,ND,ND,ND,ND,ND,ND,ND,ND
2014-04-16,I1,2.09,0.04,3.5,2.12,10.76,74.63,4.42,10.02,,,,,,,,
2014-04-16,I2,3.02,0.04,3.41,1.26,11.4,99.78,5.09,19.12,,,,,,,,
2014-04-16,I3,7.49,0.05,4.99,5.08,14.83,117.83,16.46,32.99,,,,,,,,
2014-04-16,O1,2.12,0.03,5.39,3.06,12.21,62.87,8.29,18.79,,,,,,,,
2014-05-23,I1,1.69,0.07,4.08,1.89,9.52,69.29,6.55,12.17,,,,,,,,
2014-05-23,I2,2.35,0.05,4,1.53,10.57,104.87,8.42,33.77,,,,,,,,
2014-05-23,I3,2.01,0.11,5.62,4.73,12.58,94.39,15.79,21.91,,,,,,,,
2014-05-23,O1,1.63,0.04,4.54,2.53,10.57,60.38,8.81,16.81,,,,,,,,
2014-06-24,I1,2.02,0.06,4.22,1.89,12.85,69.44,6.94,12.8,,,,,,,,
2014-06-24,I2,2.05,0.06,4.07,1.44,13.9,103.19,7.18,31.07,,,,,,,,
2014-06-24,I3,2.8,0.19,6.3,7.33,16.81,114.4,21.2,19.56,,,,,,,,
2014-06-24,O1,1.91,0.06,5.92,4.03,14.38,63.76,12.83,25.9,,,,,,,,
2014-07-21,I1,1.07,0.07,3.99,1.36,12.35,72.37,5.61,9.51,,,,,,,,
2014-07-21,I2,,,,,,,,,ND,ND,ND,ND,ND,ND,ND,ND
2014-07-21,I3,0.86,0.07,5.58,2.96,13.72,74.7,11.08,17.78,,,,,,,,
2014-07-21,O1,1.01,0.06,4.39,2.5,12.39,58.37,8.1,15.37,,,,,,,,
2014-08-27,I1,1.23,0.04,4.65,2.19,11.4,59.95,7.22,13.01,,,,,,,,
2014-08-27,I2,1.42,0.07,4.16,1.64,12.6,109.94,6.38,33.77,,,,,,,,
2014-08-27,I3,1.72,0.18,9.19,7.43,16.32,114.74,21.77,38.18,,,,,,,,
2014-08-27,O1,2.47,0.04,4.85,2.47,11.51,60.24,7.62,14.05,,,,,,,,
2014-09-29,I1,1,0.1,5.01,2.29,11.71,65.02,7.92,13.83,,,,,,,,
2014-09-29,I2,,,,,,,,,ND,ND,ND,ND,ND,ND,ND,ND
2014-09-29,I3,1.59,0.15,11.15,3.53,21.13,121.66,21.54,38.7,,,,,,,,
2014-09-29,O1,0.97,0.07,5.22,2.51,12.43,64.17,8.71,16.81,,,,,,,,
2014-10-30,I1,1.01,0.04,4.72,2.31,12.23,69.66,8.26,14.18,,,,,,,,
2014-10-30,I2,,,,,,,,,ND,ND,ND,ND,ND,ND,ND,ND
2014-10-30,I3,1.28,0.07,10.59,3.61,20.16,124.26,22.37,41.43,,,,,,,,
2014-10-30,O1,1.38,0.04,5.01,2.5,12.56,70.31,8.53,14.85,,,,,,,,
2014-11-28,I1,1.25,0.03,4.87,2.25,12.71,78.98,7.77,14.7,,,,,,,,
2014-11-28,I2,0.78,0.1,4.35,1.76,14.11,119.3,7.67,40.46,,,,,,,,
2014-11-28,I3,1.36,0.09,11.04,3.71,22.16,127.63,21.34,41.91,,,,,,,,
2014-11-28,O1,1.56,0.05,5.03,2.47,13.13,74.18,8.24,14.83,,,,,,,,
2014-12-22,I1,1.87,0.07,4.57,2.04,11.75,76.87,6.76,13.57,,,,,,,,
2014-12-22,I2,1.97,0.08,3.98,1.73,12.31,112.25,6.3,43.06,,,,,,,,
2014-12-22,I3,2.3,0.08,9.03,8.42,15.56,111.55,19.86,49.46,,,,,,,,
2014-12-22,O1,1.44,1.19,5.48,3.1,12.02,57.88,8.58,17.39,,,,,,,,
2015-01-26,I1,,,,,,,,,ND,ND,ND,ND,ND,ND,ND,ND
2015-01-26,I2,2.82,0.04,4,1.18,12.21,108.48,7.19,39.05,,,,,,,,
2015-01-26,I3,4.71,0.07,7.05,6.07,15.62,126.5,21.72,94.19,,,,,,,,
2015-01-26,O1,1.71,0.06,4.3,2.31,10.29,66.61,6.84,14.6,,,,,,,,
2015-03-18,I1,1.28,0.04,3.21,1.71,8.97,64.6,5.45,26.08,,,,,,,,
2015-03-18,I2,3.9,0.05,3.73,1.02,11.5,102.06,6.93,32.52,,,,,,,,
2015-03-18,I3,8.94,0.06,5.47,5.7,14.35,118.74,29.39,93.81,,,,,,,,
2015-03-18,O1,1.44,0.09,5.25,2.96,11.51,56.93,8.8,20.42,,,,,,,,
2015-04-27,I1,1.32,0.04,4.02,1.99,10.15,68.81,5.58,15.32,,,,,,,,
2015-04-27,I2,3.8,0.03,3.34,0.97,10.31,95.07,5.4,24.43,,,,,,,,
2015-04-27,I3,3.13,0.07,6.42,5.79,14.9,119.16,21.51,69.99,,,,,,,,
2015-04-27,O1,1.33,0.04,4.39,2.21,10.57,67.21,6.59,16.89,,,,,,,,
2015-05-27,I1,1.2,0.05,4.22,1.72,11.24,71.42,5.22,15.67,,,,,,,,
2015-05-27,I2,2.64,0.04,3.91,1.24,12.02,108.01,5.74,29.55,,,,,,,,
2015-05-27,I3,2.45,0.1,8.07,6.23,16.65,123.45,16.51,46,,,,,,,,
2015-05-27,O1,1.71,0.04,5.17,2.67,11.87,61.31,6.87,17.64,,,,,,,,
2015-06-24,I1,,,,,,,,,ND,ND,ND,ND,ND,ND,ND,ND
2015-06-24,I2,1.34,0.04,4.76,2.09,11.29,61.65,3.26,12.77,,,,,,,,
2015-06-24,I3,1.31,0.13,10.04,5.19,17.81,119.2,13.7,27.37,,,,,,,,
2015-06-24,O1,0.93,0.03,5.06,2.44,11.6,60.19,3.78,14.6,,,,,,,,
2015-08-07,I1,,0.03,4.95,2.15,11.62,57.55,7.21,20.59,ND,,,,,,,
2015-08-07,I2,,,,,,,,,ND,ND,ND,ND,ND,ND,ND,ND
2015-08-07,I3,,0.13,9.58,3.07,17.58,110.62,17.36,38.61,ND,,,,,,,
2015-08-07,O1,,0.03,5.05,2.22,11.73,58.9,7.46,21.1,ND,,,,,,,
2015-09-09,I1,1.55,0.02,5.09,2.14,11.98,59.31,5.37,19.96,,,,,,,,
2015-09-09,I2,,,,,,,,,ND,ND,ND,ND,ND,ND,ND,ND
2015-09-09,I3,1.9,0.11,12.77,2.78,21.44,128.56,17.08,51.58,,,,,,,,
2015-09-09,O1,1.36,0.01,5.27,2.28,12.17,58.56,5.82,21.17,,,,,,,,
2015-10-15,I1,1.04,0.05,5.09,2.2,11.97,66.32,5.59,20.4,,,,,,,,
2015-10-15,I2,,,,,,,,,ND,ND,ND,ND,ND,ND,ND,ND
2015-10-15,I3,0.98,0.07,11.58,2.87,20.92,126.27,15.38,51.59,,,,,,,,
2015-10-15,O1,0.89,0.04,5.98,3.29,12.92,53.61,7.15,24.56,,,,,,,,
2015-11-15,I1,1.42,0.09,4.79,2.16,11.8,70.61,7.89,17.32,,,,,,,,
2015-11-15,I2,,,,,,,,,ND,ND,ND,ND,ND,ND,ND,ND
2015-11-15,I3,2.19,0.22,12.4,15,18.37,130.02,27.14,77.17,,,,,,,,
2015-11-15,O1,1.12,0.07,6.51,4.47,13.27,60.85,11.79,26.8,,,,,,,,
2015-12-21,I1,1.98,0.11,4.91,2.31,11.78,71.6,8.2,20.18,,,,,,,,
2015-12-21,I2,,,,,,,,,ND,ND,ND,ND,ND,ND,ND,ND
2015-12-21,I3,7.74,0.14,6.43,7.46,15.16,132.5,28.81,151.17,,,,,,,,
2015-12-21,O1,1.36,0.07,5.76,3.23,12.56,56.07,10.42,23.66,,,,,,,,
2016-03-14,I1,2.16,0.2,2.53,1.39,9.02,66.24,5.55,33.67,,,,,,,,
2016-03-14,I2,3.27,0.64,3.23,2.05,10.93,94.98,8.62,30.41,,,,,,,,
2016-03-14,I3,9.77,0.05,4.37,3.79,14.79,121.42,23.76,99.99,,,,,,,,
2016-03-14,O1,1.56,0.08,3.81,2.23,11.42,69.85,8.39,24.59,,,,,,,,
2016-04-15,I1,1.87,0.11,5.49,2.57,11.1,69.71,9.64,25.83,,,,,,,,
2016-04-15,I2,3.12,0.09,4.11,1.36,11.18,98.55,8.23,37.32,,,,,,,,
2016-04-15,I3,7.08,0.77,6.77,5.29,15.25,122.79,22.07,93.78,,,,,,,,
2016-04-15,O1,1.94,0.09,5.02,2.45,11.27,65.8,8.72,25.46,,,,,,,,
2016-05-22,I1,0.77,0.26,5.02,2.22,11.73,54.79,9.82,31.24,,,,,,,,
2016-05-22,I2,2.06,1.03,5.17,1.5,12.5,106.75,9.87,50.38,,,,,,,,
2016-05-22,I3,2.37,0.63,7.92,6.58,16.51,128.9,25.43,86.03,,,,,,,,
2016-05-22,O1,0.73,0.11,5.17,2.52,12.05,58.49,10.88,34.86,,,,,,,,
2016-06-23,I1,2.1,0.04,4.82,2.02,11.32,46.12,10.58,30.66,,,,,,,,
2016-06-23,I2,,,,,,,,,ND,ND,ND,ND,ND,ND,ND,ND
2016-06-23,I3,1.3,0.22,10.04,6.59,16.84,111.73,26.13,52.86,,,,,,,,
2016-06-23,O1,1.62,0.07,5.47,2.69,12.04,47.08,12.21,31.16,,,,,,,,
2016-07-27,I1,1.18,0.04,4.91,1.91,11.51,53.22,10.4,27.27,,,,,,,,
2016-07-27,I2,,,,,,,,,ND,ND,ND,ND,ND,ND,ND,ND
2016-07-27,I3,1.34,0.2,10.65,7.13,17.46,116,25.88,45.42,,,,,,,,
2016-07-27,O1,1.14,0.06,5.32,2.25,11.91,51.02,10.81,28.8,,,,,,,,
2016-08-19,I1,0.96,0.08,5.24,2.12,11.79,52.15,7.19,24.69,,,,,,,,
2016-08-19,I2,1.15,0.1,4.67,1.5,13.38,116.38,8.27,56.48,,,,,,,,
2016-08-19,I3,1.78,0.22,10.8,11.79,17.58,128.82,18.35,57.45,,,,,,,,
2016-08-19,O1,1.12,0.12,5.66,2.46,11.97,49.71,10.86,26.96,,,,,,,,
2016-09-23,I1,0.72,0.05,5.25,2.09,11.82,54.41,7.79,26.52,,,,,,,,
2016-09-23,I2,,,,,,,,,ND,ND,ND,ND,ND,ND,ND,ND
2016-09-23,I3,1.11,0.11,11.72,7.92,19.66,130.51,21.66,45.94,,,,,,,,
2016-09-23,O1,0.92,0.03,5.38,2.21,12.16,55.06,8.66,25.11,,,,,,,,
2016-11-11,I1,0.39,0.1,4.97,2.22,11.53,66.09,10.21,26.86,,,,,,,,
2016-11-11,I2,3.85,0.43,3.88,1.36,11.87,106.42,8.43,35.58,,,,,,,,
2016-11-11,I3,6.59,0.08,5.69,4.74,16.98,146,24.53,125.61,,,,,,,,
2016-11-11,O1,0.76,0.16,5.06,2.27,11.88,68.52,10.74,29.53,,,,,,,,
2016-12-12,I1,,,,,,,,,ND,ND,ND,ND,ND,ND,ND,ND
2016-12-12,I2,,,,,,,,,ND,ND,ND,ND,ND,ND,ND,ND
2016-12-12,I3,,,,,,,,,ND,ND,ND,ND,ND,ND,ND,ND
2016-12-12,O1,,,,,,,,,ND,ND,ND,ND,ND,ND,ND,ND
2017-01-11,I1,,,,,,,,,ND,ND,ND,ND,ND,ND,ND,ND
2017-01-11,I2,,,,,,,,,ND,ND,ND,ND,ND,ND,ND,ND
2017-01-11,I3,,,,,,,,,ND,ND,ND,ND,ND,ND,ND,ND
2017-01-11,O1,,,,,,,,,ND,ND,ND,ND,ND,ND,ND,ND
2017-01-31,I1,,,,,,,,,ND,ND,ND,ND,ND,ND,ND,ND
2017-01-31,I2,,,,,,,,,ND,ND,ND,ND,ND,ND,ND,ND
2017-01-31,I3,,,,,,,,,ND,ND,ND,ND,ND,ND,ND,ND
2017-01-31,O1,,,,,,,,,ND,ND,ND,ND,ND,ND,ND,ND
2017-02-18,I1,,,,,,,,,ND,ND,ND,ND,ND,ND,ND,ND
2017-02-18,I2,,,,,,,,,ND,ND,ND,ND,ND,ND,ND,ND
2017-02-18,I3,,,,,,,,,ND,ND,ND,ND,ND,ND,ND,ND
2017-02-18,O1,,,,,,,,,ND,ND,ND,ND,ND,ND,ND,ND
2017-03-27,I1,1.51,0.04,2.99,1.73,8.22,61.41,5.92,16.05,,,,,,,,
2017-03-27,I2,3.48,0.04,2.87,1.62,8.82,80.3,4.12,17.38,,,,,,,,
2017-03-27,I3,9.36,0.06,4.46,4.92,11.98,107.57,18.65,42.4,,,,,,,,
2017-03-27,O1,3.25,0.07,4.45,2.23,10.46,70.08,8.78,19.65,,,,,,,,
2017-04-10,I1,1.47,0.08,3.43,1.92,9.45,71.55,4.94,13.78,,,,,,,,
2017-04-10,I2,0.92,0.02,3.06,1.37,9.8,88.68,3.06,15.37,,,,,,,,
2017-04-10,I3,4.17,0.1,5.01,6.42,13,113.16,18.46,38.07,,,,,,,,
2017-04-10,O1,2.02,0.1,4.31,2.24,10.52,72.52,6.37,15.16,,,,,,,,
2017-04-21,I1,1.91,0.09,3.24,2.06,9.32,78.18,4.92,13.78,,,,,,,,
2017-04-21,I2,0.73,0.03,2.89,1.24,9.69,98.4,2.65,11.74,,,,,,,,
2017-04-21,I3,10.12,0.11,4.8,5.17,13.24,116.31,16.31,37.45,,,,,,,,
2017-04-21,O1,1.76,0.04,4.34,2.16,10.62,80.44,7.17,17.01,,,,,,,,
2017-05-04,I1,0.83,0.05,3.24,1.76,9.13,69.56,5.6,15.61,,,,,,,,
2017-05-04,I2,0.81,0.04,3.07,1.15,9.81,88.29,3.21,16.5,,,,,,,,
2017-05-04,I3,5.38,0.06,4.93,5.56,13.28,116.67,20.36,43.65,,,,,,,,
2017-05-04,O1,0.7,0.04,4.2,2.2,10.21,71.23,7.88,19.11,,,,,,,,
2017-05-19,I1,1.71,0.05,4.39,1.23,10.68,70.8,7.31,17.37,,,,,,,,
2017-05-19,I2,,,,,,,,,ND,ND,ND,ND,ND,ND,ND,ND
2017-05-19,I3,5.09,0.09,6.02,3.19,15.02,129.19,19.65,46.47,,,,,,,,
2017-05-19,O1,1.98,0.05,4.5,1.33,10.69,70.45,7.65,18.54,,,,,,,,
2017-06-01,I1,1.02,0.05,3.95,1.95,10.43,71.61,6.79,16.27,,,,,,,,
2017-06-01,I2,,,,,,,,,ND,ND,ND,ND,ND,ND,ND,ND
2017-06-01,I3,4.28,0.07,4.22,2,10.88,73.08,7.45,16.08,,,,,,,,
2017-06-01,O1,0.94,0.03,3.95,10.75,10.59,60.92,17.45,16.07,,,,,,,,
2017-06-15,I1,0.97,0.05,3.83,3.62,10.57,58.63,12.13,22.06,,,,,,,,
2017-06-15,I2,,,,,,,,,ND,ND,ND,ND,ND,ND,ND,ND
2017-06-15,I3,2.51,0.15,7,5.74,15.82,124.16,23.1,42.64,,,,,,,,
2017-06-15,O1,0.82,0.07,4.43,2.39,10.87,58.22,10.56,22.64,,,,,,,,
2017-07-06,I1,0.71,0.12,3.65,1.08,10.44,70.23,6.99,14.66,,,,,,,,
2017-07-06,I2,0.78,0.13,3.71,0.56,13.01,113.62,3.32,18.23,,,,,,,,
2017-07-06,I3,2.47,0.22,7.01,6.01,15.39,128.37,24.65,54.64,,,,,,,,
2017-07-06,O1,0.06,0.08,4.51,1.82,10.72,57.42,9.96,22.94,,,,,,,,
2017-07-26,I1,,,,,,,,,ND,ND,ND,ND,ND,ND,ND,ND
2017-07-26,I2,3.83,0.15,3.97,2.08,11.08,72.91,11.04,23.65,,,,,,,,
2017-07-26,I3,1.58,0.59,2.84,10.95,6.05,53.26,12.93,19.17,,,,,,,,
2017-07-26,O1,0.81,0.06,4.26,2.07,10.81,51.64,11.14,24.22,,,,,,,,
2017-08-14,I1,0.67,0.05,3.91,2.01,11.2,71.6,9.38,16.59,,,,,,,,
2017-08-14,I2,,,,,,,,,ND,ND,ND,ND,ND,ND,ND,ND
2017-08-14,I3,0.83,0.19,6.93,7.68,14.3,123.25,20.58,29.77,,,,,,,,
2017-08-14,O1,0.53,0.05,4.07,2.23,11.11,52.33,11.12,24.26,,,,,,,,
2017-09-01,I1,1.11,0.09,4.48,1.8,10.83,59.81,11.53,23.79,,,,,,,,
2017-09-01,I2,,,,,,,,,ND,ND,ND,ND,ND,ND,ND,ND
2017-09-01,I3,2.28,0.2,7.56,11.27,13.48,108.97,31.38,43.99,,,,,,,,
2017-09-01,O1,0.9,0.06,5.73,3.02,12.05,48.9,15.35,29.36,,,,,,,,
2017-09-25,I1,1.32,0.21,3.19,5.56,10.02,77.85,13.93,16.97,,,,,,,,
2017-09-25,I2,,,,,,,,,ND,ND,ND,ND,ND,ND,ND,ND
2017-09-25,I3,7.25,0.12,5.47,5.37,15.9,149.45,29.52,91.59,,,,,,,,
2017-09-25,O1,1.34,0.07,4.4,1.81,10.64,62.41,11.18,24.28,,,,,,,,
2017-10-03,I1,1.14,0.06,4.44,3.96,11.12,65.4,14.68,24.8,,,,,,,,
2017-10-03,I2,,,,,,,,,ND,ND,ND,ND,ND,ND,ND,ND
2017-10-03,I3,4.71,0.12,4.92,6.82,15.74,139.78,29.42,83.24,,,,,,,,
2017-10-03,O1,0.63,0.04,4.15,2.4,11.38,69.75,12.28,28.06,,,,,,,,
2017-10-22,I1,1.3,0.12,2.7,1.9,9.81,74.02,8.02,20.34,,,,,,,,
2017-10-22,I2,,,,,,,,,ND,ND,ND,ND,ND,ND,ND,ND
2017-10-22,I3,,0.09,4.26,4.51,15.26,140.27,38.94,89.12,ND,,,,,,,
2017-10-22,O1,0.96,0.18,3.66,1.86,10.75,69.24,12,26.83,,,,,,,,
2017-11-03,I1,1.8,0.1,2.62,2.09,8.36,63.01,4.29,8.89,,,,,,,,
2017-11-03,I2,,,,,,,,,ND,ND,ND,ND,ND,ND,ND,ND
2017-11-03,I3,6.33,0.32,3.76,7.38,10.54,100.8,17,27.56,,,,,,,,
2017-11-03,O1,1.24,0.1,3.94,2.04,10.31,70.3,6.49,3.82,,,,,,,,
2017-11-19,I1,1.54,0.09,3.29,2.29,10.16,78.94,5.36,15.07,,,,,,,,
2017-11-19,I2,0.74,0.17,3.44,4.69,11.1,97.99,5.72,28.85,,,,,,,,
2017-11-19,I3,7.07,0.27,5.13,6.01,15.01,135.64,23.82,62.57,,,,,,,,
2017-11-19,O1,0.98,0.09,4.43,2.64,10.58,66.62,15.45,38.35,,,,,,,,
2017-12-06,I1,1.31,0.06,3.48,8.82,10.47,79.73,11.48,13.9,,,,,,,,
2017-12-06,I2,,,,,,,,,ND,ND,ND,ND,ND,ND,ND,ND
2017-12-06,I3,9.15,0.22,4.28,7.2,11.67,103.5,17.19,36.2,,,,,,,,
2017-12-06,O1,1.32,0.08,3.29,0.89,10.62,68.77,5.67,19.39,,,,,,,,
2017-12-19,I1,1.65,0.27,3.43,2.28,10.28,77.29,5.1,13.8,,,,,,,,
2017-12-19,I2,0.98,0.15,3.42,3.38,11.88,116.73,3.73,22.57,,,,,,,,
2017-12-19,I3,9.39,0.27,5.61,5.02,16.16,146.94,20.42,57.68,,,,,,,,
2017-12-19,O1,1.83,0.12,4.72,2.66,11.76,83.48,7.48,20.17,,,,,,,,
2018-01-05,I1,1.51,0.14,3.19,3.08,9.41,72.75,5.38,12.48,,,,,,,,
2018-01-05,I2,,,,,,,,,ND,ND,ND,ND,ND,ND,ND,ND
2018-01-05,I3,6.23,0.32,4.58,5.55,12.93,116.47,16.87,41.81,,,,,,,,
2018-01-05,O1,1.77,0.18,3.88,2.34,9.91,70.59,9.09,24.41,,,,,,,,
2018-01-18,I1,,,,,,,,,ND,ND,ND,ND,ND,ND,ND,ND
2018-01-18,I2,,,,,,,,,ND,ND,ND,ND,ND,ND,ND,ND
2018-01-18,I3,7.73,0.55,4.57,20.54,13.9,119.48,41.99,56.6,,,,,,,,
2018-01-18,O1,1.71,0.09,3.78,3.99,10.01,72.12,9.63,20.62,,,,,,,,
2018-02-08,I1,,,,,,,,,ND,ND,ND,ND,ND,ND,ND,ND
2018-02-08,I2,,,,,,,,,ND,ND,ND,ND,ND,ND,ND,ND
2018-02-08,I3,5.3,0.11,4.18,4.77,12.47,110.77,27.69,70.47,,,,,,,,
2018-02-08,O1,1.07,0.19,2.45,1.75,7.56,58.27,0.85,18.43,,,,,,,,
2018-03-02,I1,,,,,,,,,ND,ND,ND,ND,ND,ND,ND,ND
2018-03-02,I2,,,,,,,,,ND,ND,ND,ND,ND,ND,ND,ND
2018-03-02,I3,3.83,0.08,4.39,3.96,12.72,98.53,15.36,48.31,,,,,,,,
2018-03-02,O1,1.35,0.1,2.96,1.82,8.42,57.69,5.02,15.49,,,,,,,,
2018-04-06,I1,1.23,0.09,2.36,4.52,6.58,60.08,5.23,8.47,,,,,,,,
2018-04-06,I2,1.08,0.11,2.61,1.72,9.27,96.66,2.18,9.63,,,,,,,,
2018-04-06,I3,7.5,0.11,3.87,3.83,11.83,122.07,13.71,45.52,,,,,,,,
2018-04-06,O1,1.77,0.12,3.65,2.06,9.36,80.29,5.53,16.71,,,,,,,,
2018-04-30,I1,1.24,0.06,3.46,7.9,8.63,75.39,11.16,12.37,,,,,,,,
2018-04-30,I2,,,,,,,,,ND,ND,ND,ND,ND,ND,ND,ND
2018-04-30,I3,3.67,0.13,4.66,5.18,15.24,126.09,14.55,45.76,,,,,,,,
2018-04-30,O1,0.67,0.4,4.45,3.05,10.2,67.42,8.16,21.68,,,,,,,,
2018-05-15,I1,0.98,0.06,4.07,4.44,11.49,77.14,8.29,15.46,,,,,,,,
2018-05-15,I2,,,,,,,,,ND,ND,ND,ND,ND,ND,ND,ND
2018-05-15,I3,1.86,0.35,5.47,6.06,16.64,143.21,14.32,40.19,,,,,,,,
2018-05-15,O1,0.89,0.05,4.72,2.7,13.17,66.08,7.94,22.07,,,,,,,,
2018-05-30,I1,1.01,0.07,4.2,8.62,10.42,66.29,15.77,14.86,,,,,,,,
2018-05-30,I2,,,,,,,,,ND,ND,ND,ND,ND,ND,ND,ND
2018-05-30,I3,2.36,0.12,6.51,9.25,14.49,113.73,21.64,32.85,,,,,,,,
2018-05-30,O1,0.87,0.05,4.85,3.57,11.21,64.64,10.91,19.48,,,,,,,,
2018-06-18,I1,1.04,0.12,4.1,1.94,10.58,63.21,7.64,14.17,,,,,,,,
2018-06-18,I2,,,,,,,,,ND,ND,ND,ND,ND,ND,ND,ND
2018-06-18,I3,2.04,0.14,6.1,5.14,14.38,112.16,17.72,26.41,,,,,,,,
2018-06-18,O1,1.26,0.2,5.12,2.94,11.79,55.61,11.28,21.25,,,,,,,,
2018-07-06,I1,0.62,0.06,3.48,1.69,8.82,51.56,3.84,10.12,,,,,,,,
2018-07-06,I2,,,,,,,,,ND,ND,ND,ND,ND,ND,ND,ND
2018-07-06,I3,3.22,0.12,8.47,6.08,20.16,119.12,12.87,22.21,,,,,,,,
2018-07-06,O1,0.92,0.79,8.91,5.62,18.15,39.42,9.67,20.97,,,,,,,,
2018-07-29,I1,1.58,0.03,3.66,2.2,8.86,48.8,4.78,11.6,,,,,,,,
2018-07-29,I2,,,,,,,,,ND,ND,ND,ND,ND,ND,ND,ND
2018-07-29,I3,,,,,,,,,ND,ND,ND,ND,ND,ND,ND,ND
2018-07-29,O1,1.58,0.04,4.26,2.43,9.58,41.51,5.6,14.45,,,,,,,,
2018-08-28,I1,0.51,0.09,7.07,5.73,16.03,42.19,7.95,15.19,,,,,,,,
2018-08-28,I2,,,,,,,,,ND,ND,ND,ND,ND,ND,ND,ND
2018-08-28,I3,0.92,0.33,10.96,12.2,20.29,118.95,13.66,19.91,,,,,,,,
2018-08-28,O1,0.37,0.17,8.38,4.81,17.53,35.27,8.4,18.79,,,,,,,,
2018-09-16,I1,1.8,0.12,7.26,7.41,16.14,41.6,9,15.28,,,,,,,,
2018-09-16,I2,,,,,,,,,ND,ND,ND,ND,ND,ND,ND,ND
2018-09-16,I3,0.97,0.17,9.04,8.34,20.42,123.45,13.41,21.43,,,,,,,,
2018-09-16,O1,0.57,0.06,7.59,3.9,16.46,40.98,7.46,16.28,,,,,,,,
2018-10-01,I1,0.73,0.08,7.18,4.93,16.14,44.28,7.82,15.68,,,,,,,,
2018-10-01,I2,,,,,,,,,ND,ND,ND,ND,ND,ND,ND,ND
2018-10-01,I3,0.77,0.18,10.48,7.4,18.87,112.23,14.02,10.53,,,,,,,,
2018-10-01,O1,0.68,0.06,8.13,4.35,17.16,39.2,8.21,18.24,,,,,,,,
2018-10-13,I1,1.91,0.07,6.82,3.34,14.37,66.09,5.58,12.63,,,,,,,,
2018-10-13,I2,,,,,,,,,ND,ND,ND,ND,ND,ND,ND,ND
2018-10-13,I3,1.37,0.14,10.03,9.16,18.44,102.99,11.34,12.47,,,,,,,,
2018-10-13,O1,1.3,0.04,8.3,4.95,16.44,56.26,7.7,16.44,,,,,,,,
2018-10-28,I1,0.69,0.08,6.85,4.01,14.48,68.35,7.01,14.59,,,,,,,,
2018-10-28,I2,,,,,,,,,ND,ND,ND,ND,ND,ND,ND,ND
2018-10-28,I3,1.17,0.17,13.24,21.84,16.72,93.25,14.76,25.32,,,,,,,,
2018-10-28,O1,0.78,0.14,7.84,4.52,15.07,64.65,7.61,16.34,,,,,,,,
2018-11-12,I1,0.91,0.14,6.99,3.92,14.73,71.14,7.07,14.79,,,,,,,,
2018-11-12,I2,,,,,,,,,ND,ND,ND,ND,ND,ND,ND,ND
2018-11-12,I3,1.06,0.12,11.49,10.9,21.51,78.36,14.4,25.52,,,,,,,,
2018-11-12,O1,1.02,0.1,8.28,4.94,17.19,41.08,8.73,18.47,,,,,,,,
2018-12-16,I1,1.69,0.14,6.35,3.62,15.93,52.86,6.89,23.37,,,,,,,,
2018-12-16,I2,,,,,,,,,ND,ND,ND,ND,ND,ND,ND,ND
2018-12-16,I3,,,,,,,,,ND,ND,ND,ND,ND,ND,ND,ND
2018-12-16,O1,1.46,0.08,7.13,3.68,15.97,47.92,7.65,16.42,,,,,,,,
2019-01-19,I1,,,,,,,,,ND,ND,ND,ND,ND,ND,ND,ND
2019-01-19,I2,,,,,,,,,ND,ND,ND,ND,ND,ND,ND,ND
2019-01-19,I3,9.96,0.08,8.26,13.72,23.24,101.05,21.84,58.57,,,,,,,,
2019-01-19,O1,1.09,0.04,7.22,4.72,15.66,81.94,8.87,21.98,,,,,,,,
2019-02-11,I1,1.59,0.08,2.95,3.37,7.75,66.65,5.91,22.38,,,,,,,,
2019-02-11,I2,,,,,,,,,ND,ND,ND,ND,ND,ND,ND,ND
2019-02-11,I3,10.6,0.2,4.62,6.07,12.36,115.15,17.58,60.07,,,,,,,,
2019-02-11,O1,1.4,0.07,4.9,2.43,11.28,78.39,7.55,22.15,,,,,,,,
2019-03-16,I1,1.61,0.03,3.1,1.58,8.56,69.71,4.54,23.06,,,,,,,,
2019-03-16,I3,6.2,0.15,5.63,5,15.21,130.3,10.01,46.16,,,,,,,,
2019-03-16,O1,2.14,0.07,4.66,2.4,10.87,79.87,7.79,25.81,,,,,,,,
2019-04-17,I1,1,0.06,3.96,1.88,10.71,72.59,4.87,21.07,,,,,,,,
2019-04-17,I3,9.37,0.11,6.67,5.53,14.77,114.43,0.23,0.92,,,,,,,,
2019-04-17,O1,1.83,0.08,4.52,2.26,10.95,70.52,5.8,19.37,,,,,,,,
2019-04-29,I1,0.96,0.04,4.21,1.92,11.02,78.9,4.51,17.54,,,,,,,,
2019-04-29,I3,9.41,0.17,5.99,5.45,15.32,127.77,12.73,57.02,,,,,,,,
2019-04-29,O1,1.67,0.16,4.54,2.3,11.07,76.85,5.75,20.38,,,,,,,,
2019-05-15,I1,1.09,0.07,4.29,1.73,11.1,77.34,5.28,19.07,,,,,,,,
2019-05-15,I3,4.89,0.18,6.1,5.49,15.16,128.96,13.71,57.93,,,,,,,,
2019-05-15,O1,1.45,0.05,4.77,2.41,11.29,65.36,7,23.52,,,,,,,,
2019-06-06,I1,1.12,0.77,4.56,1.79,10.72,46.09,4.49,16.33,,,,,,,,
2019-06-06,I3,8.93,0.14,6.16,5.49,15.26,131.68,12.41,49.07,,,,,,,,
2019-06-06,O1,0.84,0.01,5.42,2.7,11.81,54.9,7.43,22,,,,,,,,
2019-06-18,I1,1.55,0.03,4.49,1.84,10.41,48.29,5.35,17.86,,,,,,,,
2019-06-18,I3,6.99,0.17,6.15,6.01,14.6,124.49,13.2,51.36,,,,,,,,
2019-06-18,O1,1.07,0.04,4.91,2.36,10.96,51.87,6.69,21.51,,,,,,,,
2019-07-01,I1,1.55,0.1,4.46,5.24,10.55,54.2,7.33,14.48,,,,,,,,
2019-07-01,I3,2.8,0.26,7.18,7.58,14.82,115.76,12.37,33.96,,,,,,,,
2019-07-01,O1,1.45,0.1,5.67,2.66,11.66,48.9,6.62,19.72,,,,,,,,
2019-07-15,I1,1.06,0.09,4.04,2.91,10.25,56.68,6.48,15.53,,,,,,,,
2019-07-15,I3,3.82,0.28,7.35,7.19,14.42,115.33,14.92,47.95,,,,,,,,
2019-07-15,O1,1.16,0.06,4.87,2.2,10.87,52.63,6.73,20.31,,,,,,,,
2019-08-01,I1,0.9,0.12,4.76,1.92,10.82,51.59,4.94,15.89,,,,,,,,
2019-08-01,I3,2.81,0.25,7.06,7.59,14.51,116.28,11.75,34.59,,,,,,,,
2019-08-01,O1,0.74,0.12,4.77,2.03,10.88,50.41,5.37,16.88,,,,,,,,
2019-08-20,I1,0.51,0.03,4.8,1.86,10.83,53.47,5.19,16.01,,,,,,,,
2019-08-20,I3,1.68,0.15,7.37,6.66,15.49,123.91,12.79,33.39,,,,,,,,
2019-08-20,O1,0.76,0.02,5.05,2.16,11.13,52.92,6.04,18.3,,,,,,,,
2019-08-30,I1,0.58,0.07,5.13,2.77,11.81,55.56,8.63,22.73,,,,,,,,
2019-08-30,I3,1.37,0.3,7.32,5.61,14.05,97.14,16,19.68,,,,,,,,
2019-08-30,O1,0.51,0.06,5.82,2.71,12.79,52.68,9.57,26.39,,,,,,,,
2019-09-16,I1,0.79,0.06,5.06,2.15,11.61,59.48,8.58,24.29,,,,,,,,
2019-09-16,I3,1.08,0.15,7.81,4.46,15.08,106.55,17.03,18.17,,,,,,,,
2019-09-16,O1,1.44,0.41,5.23,2.14,11.78,59.97,8.82,24.52,,,,,,,,
2019-09-29,I1,0.86,0.06,4.97,2.23,11.61,62.18,6.5,18.48,,,,,,,,
2019-09-29,I3,1.3,0.35,7.72,7.27,14.69,89.36,15.8,38.8,,,,,,,,
2019-09-29,O1,0.57,0.06,6.05,3.24,13.04,53.13,9.25,25.06,,,,,,,,
2019-10-18,I1,0.88,0.07,4.5,1.84,10.99,64.14,4.73,13.9,,,,,,,,
2019-10-18,I3,5.75,0.12,7.38,7.76,16.36,127.26,15.26,63,,,,,,,,
2019-10-18,O1,0.88,0.09,5.26,2.6,11.83,58.35,6.42,19.59,,,,,,,,
2019-10-30,I1,0.63,0.05,5.08,1.87,10.92,61.04,6.49,18.54,,,,,,,,
2019-10-30,I3,,,,,,,,,ND,ND,ND,ND,ND,ND,ND,ND
2019-10-30,O1,0.32,0.04,5.57,2.38,11.56,55.76,7.71,21.38,,,,,,,,
2019-11-14,I1,1.04,0.07,5.1,2.01,11.66,67.98,6.33,18.12,,,,,,,,
2019-11-14,I3,6.33,0.15,7.8,7.9,17.66,144.42,19.61,86.16,,,,,,,,
2019-11-14,O1,1.06,0.05,5.42,2.95,11.94,67.84,8.29,23.27,,,,,,,,
2019-12-04,I1,1.13,0.06,4.94,1.93,11.17,69.8,6.56,18.15,,,,,,,,
2019-12-04,I3,6.75,0.11,7.91,9.18,16.54,136.58,20.89,77.67,,,,,,,,
2019-12-04,O1,1.43,0.05,5.34,2.45,11.6,67.31,7.96,22.39,,,,,,,,
2019-12-17,I1,1.41,0.12,4.65,1.96,11.98,73.52,7.2,21.1,,,,,,,,
2019-12-17,I3,9.38,0.2,6.91,6.39,18.32,149.66,22.73,112.26,,,,,,,,
2019-12-17,O1,1.35,0.11,5.32,2.59,12.57,67.89,9.18,26.08,,,,,,,,
2020-01-02,I1,1.26,0.08,4.61,1.87,12.25,78.36,7.23,23.02,,,,,,,,
2020-01-02,I3,8.93,0.08,6.14,4.87,18.51,157.23,23.18,118.78,,,,,,,,
2020-01-02,O1,,,,,,,,,ND,ND,ND,ND,ND,ND,ND,ND
2020-01-26,I1,1.81,0.12,4.14,1.54,9.35,71.42,5.58,22.41,,,,,,,,
2020-01-26,I3,12.32,0.22,5.43,4.04,14.14,135.08,19.52,87.71,,,,,,,,
2020-01-26,O1,1.59,0.08,4.63,1.95,9.77,64.8,7.37,21.44,,,,,,,,
2020-03-08,I1,2.68,0.02,3.37,1.32,8.39,69.27,5.48,36.03,,,,,,,,
2020-03-08,I3,10.74,0.06,5.08,3.59,13.01,126.11,23.02,86.49,,,,,,,,
2020-03-08,O1,2.57,0.1,4.29,1.77,9.1,64.71,8.2,25.28,,,,,,,,
2020-04-06,I1,1.5,0.06,4.48,1.91,11.4,77.69,6.6,25,,,,,,,,
2020-04-06,I3,9.52,0.05,5.98,4.64,16.57,141.05,19.11,70.84,,,,,,,,
2020-04-06,O1,2.45,0.1,5,2.22,11.83,75.34,7.55,22.74,,,,,,,,
2020-04-30,I1,0.28,0.03,4.97,1.96,10.47,61.61,8.53,26.69,,,,,,,,
2020-04-30,I3,4.36,0.07,6.27,6.4,15.11,127.45,26.67,86.51,,,,,,,,
2020-04-30,O1,0.74,0.01,5.48,2.47,11.29,59.64,9.89,28.35,,,,,,,,
2020-05-27,I1,0.82,0.06,4.19,1.54,9.56,70.09,4.87,19.7,,,,,,,,
2020-05-27,I3,3.81,0.07,6.91,6.76,13.17,112.05,14.03,50.75,,,,,,,,
2020-05-27,O1,0.88,0.04,5.3,2.18,10.59,56.85,6.94,20.53,,,,,,,,
2020-06-16,I1,0.96,0.03,5.78,2.35,11.95,52.26,7.41,20.86,,,,,,,,
2020-06-16,I3,2.52,0.16,7.52,7.58,14.57,107.72,15.46,44.15,,,,,,,,
2020-06-16,O1,1,0.02,5.8,2.59,11.78,51.97,7.86,21.93,,,,,,,,
2020-07-02,I1,1.16,0.04,5.53,2.19,11.92,43.33,8.82,24.82,,,,,,,,
2020-07-02,I3,1.26,0.08,7.6,10.65,14.56,93.7,18.94,44.32,,,,,,,,
2020-07-02,O1,0.78,0.04,5.65,2.52,12.15,45.67,9.33,26.15,,,,,,,,
2020-07-30,I1,0.96,0.08,5.44,1.98,12.48,47.01,7.55,20.83,,,,,,,,
2020-07-30,I3,1.08,0.12,8.68,3.28,17.82,165.15,16.05,17.06,,,,,,,,
2020-07-30,O1,1.2,0.01,5.65,2.26,12.65,47.45,8.12,22.14,,,,,,,,
2020-09-03,I1,1.26,0.04,5.63,2.1,10.27,51.5,8.37,22.34,,,,,,,,
2020-09-03,I3,2.2,0.21,6.5,3.63,13.15,50.65,11.09,27.34,,,,,,,,
2020-09-03,O1,0.51,0.07,8.79,10.78,14.82,87.11,21.44,37.34,,,,,,,,
2020-09-29,I1,1.37,0.08,5.66,2.12,10.64,50.68,7.68,20.2,,,,,,,,
2020-09-29,I3,1.64,0.1,8.9,5.71,12.79,109.48,18.79,7.73,,,,,,,,
2020-09-29,O1,1.27,0.07,6.47,3.19,11.71,46.26,9.99,24.75,,,,,,,,
2020-10-30,I1,0.95,0.11,5.46,2.02,8.95,96.86,6.87,16.29,,,,,,,,
2020-10-30,I3,1.78,0.17,8.67,9.99,11.63,147.35,18.15,30.58,,,,,,,,
2020-10-30,O1,1.12,0.07,4.57,1.76,7.88,89.59,7.82,18.09,,,,,,,,
2020-12-01,I1,1.54,0.05,5.32,2.12,13.93,77.2,5.99,14.12,,,,,,,,
2020-12-01,I3,4.68,0.13,9.42,10.78,21.14,165.83,18.24,47.68,,,,,,,,
2020-12-01,O1,0.92,0.05,5.44,2.32,15.39,77.02,6.73,15.47,,,,,,,,
2020-12-30,I1,1.36,0.11,5.15,2.05,6.36,60.84,11.56,24.09,,,,,,,,
2020-12-30,I3,16.3,0.11,6.68,6.28,11.53,164.78,37.46,138.79,,,,,,,,
2020-12-30,O1,1.35,0.11,5.25,2.22,7.02,58.97,12.3,25.78,,,,,,,,
2021-02-16,I1,,,,,,,,,ND,ND,ND,ND,ND,ND,ND,ND
2021-02-16,I3,,,,,,,,,ND,ND,ND,ND,ND,ND,ND,ND
2021-02-16,O1,,,,,,,,,ND,ND,ND,ND,ND,ND,ND,ND
2021-04-02,I1,2.22,0.02,3.34,1.52,4.44,43.47,11.72,29.38,,,,,,,,
2021-04-02,I3,18.08,0.04,5.77,4.72,8.85,104.11,22.43,72.31,,,,,,,,
2021-04-02,O1,1.81,0.08,4.7,1.95,5.84,46.61,13.49,27.31,,,,,,,,
2021-04-30,I1,1.82,0.05,4,1.79,6.15,56.92,12.53,31.7,,,,,,,,
2021-04-30,I3,11.51,0.1,6.05,5,9.67,110.74,20.99,68.39,,,,,,,,
2021-04-30,O1,1.76,0.07,4.91,2.09,6.67,51.46,13.51,27.53,,,,,,,,
2021-06-01,I1,1.32,0.08,4.75,1.91,7.83,48.84,13.44,28.74,,,,,,,,
2021-06-01,I3,10.58,0.23,6.15,5.42,11.34,133.49,20.86,59.49,,,,,,,,
2021-06-01,O1,1.58,0.12,4.9,1.93,7.73,48.25,13.41,28.55,,,,,,,,
2021-07-01,I1,1.23,0.21,5,1.97,10.11,50.39,13.41,27.08,,,,,,,,
2021-07-01,I3,6.51,0.18,6.55,11.77,14.65,140.48,23.2,64.41,,,,,,,,
2021-07-01,O1,1.24,0.08,5.38,3.29,11.18,57.31,15,32.88,,,,,,,,
2021-07-30,I1,1.3,0.03,5.25,1.73,10.05,41.55,4.74,17.27,,,,,,,,
2021-07-30,I3,3.53,0.21,9.47,11.02,13.51,126.98,13.66,35.73,,,,,,,,
2021-07-30,O1,0.95,0.03,6.28,2.7,10.77,39.1,6.59,20.87,,,,,,,,
2021-09-01,I1,1,0.02,5.13,1.64,8.7,43.72,5.36,18.77,,,,,,,,
2021-09-01,I3,4.61,0.24,7.42,9.53,10.35,98.67,13.12,43.88,,,,,,,,
2021-09-01,O1,0.9,0.01,5.28,1.87,8.87,42.98,5.91,20.12,,,,,,,,
2021-10-02,I1,0.95,0.04,4.75,1.52,6.71,45.01,5.57,18.95,,,,,,,,
2021-10-02,I3,2.89,0.17,8.19,8.45,8.95,105.59,15.44,43.59,,,,,,,,
2021-10-02,O1,0.67,0.05,5.35,2.08,7.16,40.47,6.91,21.36,,,,,,,,
2021-11-07,I1,1.12,0.04,5.94,1.41,8.35,62.18,8.7,25,,,,,,,,
2021-11-07,I3,2.79,0.08,10.57,9.64,11.34,125.32,26.01,62.2,,,,,,,,
2021-11-07,O1,1.04,0.04,6.62,1.87,9.07,55.88,10.44,28.42,,,,,,,,
2021-12-20,I1,1.48,0.08,3.38,1.34,18.11,103.27,7.61,23.75,,,,,,,,
2021-12-20,I3,,0.11,4.61,3.38,26.01,219.9,24.63,110.82,ND,,,,,,,
2021-12-20,O1,1.16,0.06,4.23,1.62,18.64,88.8,9,25.25,,,,,,,,
